{
    "ABE": 52.0,
    "ABI": 26.0,
    "ABQ": 59.0,
    "ABR": 216.5,
    "AEX": 26.5,
    "AGS": 39.0,
    "ALB": 67.0,
    "AMA": 71.5,
    "ANC": 20.666666666666668,
    "ASE": 72.0,
    "ATL": 72.8974358974359,
    "ATW": 54.0,
    "AUS": 42.5,
    "AVL": 84.0,
    "AVP": 381.0,
    "AZA": 17.5,
    "AZO": 3.0,
    "BDL": 37.5,
    "BGM": 44.0,
    "BGR": 3.0,
    "BHM": 156.14285714285714,
    "BIL": 37.0,
    "BIS": 49.0,
    "BJI": 25.0,
    "BLV": 184.0,
    "BMI": 37.0,
    "BNA": 24.375,
    "BOI": 56.5,
    "BOS": 117.25,
    "BRD": 43.0,
    "BTR": 357.0,
    "BTV": 107.66666666666667,
    "BUF": 23.25,
    "BUR": 17.0,
    "BWI": 37.45454545454545,
    "BZN": 97.0,
    "CAE": 11.0,
    "CAK": 20.0,
    "CDC": 30.0,
    "CHA": 63.0,
    "CHS": 75.0,
    "CIU": 126.0,
    "CLE": 42.142857142857146,
    "CLL": 60.0,
    "CLT": 60.6551724137931,
    "CMH": 64.4,
    "CMI": 1.0,
    "COS": 53.75,
    "CPR": 26.0,
    "CRW": 104.0,
    "CVG": 37.714285714285715,
    "CWA": 114.0,
    "DAL": 50.5,
    "DCA": 50.84615384615385,
    "DEN": 52.32203389830509,
    "DFW": 39.32231404958678,
    "DRO": 232.0,
    "DSM": 19.0,
    "DTW": 62.15384615384615,
    "ECP": 186.5,
    "ELM": 94.0,
    "ESC": 172.0,
    "EVV": 83.5,
    "EWR": 88.15384615384616,
    "EYW": 107.0,
    "FAR": 54.166666666666664,
    "FAT": 81.0,
    "FLL": 50.041666666666664,
    "FNT": 45.0,
    "FSD": 30.0,
    "FWA": 257.0,
    "GEG": 78.33333333333333,
    "GGG": 308.0,
    "GJT": 91.0,
    "GNV": 132.0,
    "GPT": 25.5,
    "GRB": 136.0,
    "GRR": 37.0,
    "GSO": 88.0,
    "GSP": 42.0,
    "HDN": 97.0,
    "HIB": 20.0,
    "HNL": 9.2,
    "HOU": 58.6,
    "HPN": 286.0,
    "HSV": 40.333333333333336,
    "HTS": 46.0,
    "IAD": 163.36363636363637,
    "IAH": 98.95454545454545,
    "ICT": 83.0,
    "ILM": 32.5,
    "IND": 53.666666666666664,
    "ITO": 15.0,
    "JAC": 56.0,
    "JAN": 2.0,
    "JAX": 58.714285714285715,
    "JFK": 89.625,
    "JNU": 54.0,
    "KOA": 13.0,
    "LAS": 48.0,
    "LAX": 60.92307692307692,
    "LBB": 134.0,
    "LEX": 8.5,
    "LFT": 51.5,
    "LGA": 41.13333333333333,
    "LGB": 29.0,
    "LIH": 13.0,
    "LIT": 17.0,
    "LNK": 57.0,
    "MAF": 15.0,
    "MCI": 90.0,
    "MCO": 56.94736842105263,
    "MDT": 2.0,
    "MDW": 36.6,
    "MEM": 51.0,
    "MFR": 102.0,
    "MHT": 19.0,
    "MIA": 80.95121951219512,
    "MKE": 86.25,
    "MLI": 168.0,
    "MLU": 204.5,
    "MOT": 25.0,
    "MRY": 48.0,
    "MSN": 59.666666666666664,
    "MSP": 69.92857142857143,
    "MSY": 48.55555555555556,
    "MYR": 14.5,
    "OGG": 22.0,
    "OKC": 53.0,
    "ONT": 16.25,
    "ORD": 62.726027397260275,
    "ORF": 72.0,
    "PBI": 22.5,
    "PDX": 65.5,
    "PGD": 18.666666666666668,
    "PGV": 18.0,
    "PHL": 60.95238095238095,
    "PHX": 42.44444444444444,
    "PIE": 150.0,
    "PIT": 66.33333333333333,
    "PNS": 42.25,
    "PRC": 67.0,
    "PSC": 18.0,
    "PSP": 218.0,
    "PVD": 26.0,
    "PWM": 28.666666666666668,
    "RAP": 24.5,
    "RDU": 44.25,
    "RIW": 840.0,
    "RNO": 72.4,
    "ROC": 123.0,
    "RSW": 25.11111111111111,
    "SAF": 12.0,
    "SAN": 39.5,
    "SAT": 105.0,
    "SAV": 42.25,
    "SBA": 10.0,
    "SBN": 154.0,
    "SDF": 136.66666666666666,
    "SEA": 67.1,
    "SFB": 61.666666666666664,
    "SFO": 29.333333333333332,
    "SGF": 16.0,
    "SHV": 162.33333333333334,
    "SJC": 42.0,
    "SJU": 10.0,
    "SLC": 61.88461538461539,
    "SMF": 45.0,
    "SNA": 18.0,
    "SPI": 44.0,
    "SPS": 146.0,
    "SRQ": 6.0,
    "STL": 40.4,
    "STT": 53.0,
    "SUN": 512.0,
    "SYR": 131.5,
    "TLH": 66.0,
    "TPA": 62.888888888888886,
    "TRI": 130.0,
    "TUL": 46.8,
    "TUS": 41.0,
    "TVC": 121.33333333333333,
    "TXK": 98.0,
    "TYR": 145.0,
    "TYS": 100.5,
    "VPS": 112.6,
    "XNA": 39.6,
    "YAK": 9.0,
    "_GLOBAL_MEAN_": 65.43525741029642
}